Word, Consonants
aardvark,
aaron,RUN
aberdeen,
abortion,
absorb,
absorption,
absurd,
accessory,
accord,
accordance,
accuracy,
acer,
acorn,
acquire,
acquired,
acre,
actor,
acupuncture,
adapter,
adaptor,
adjourn,
adjourned,
adjuster,
administer,
administered,
administers,
admiration,
admire,
adore,
adorn,
adventure,
adventurous,
adverse,
advertise,
advertised,
advertiser,
adviser,
advisers,
advisor,
advisory,
aerospace,RUN
affair,
affairs,
afford,
afire,
aforementioned,
after,
afternoon,
aftershave,
afterward,
afterwards,
air,
airbag,
airborne,
airbus,
airfare,
airfares,
airman,
airship,
airspace,
airspeed,
airway,
airy,RUN
ajar,
amateur,
ambassador,
amber,
america,RUN
americana,RUN
amour,
ampere,
amsterdam,
anarchy,
ancestor,
ancestors,
anchor,
anderson,
andorra,RUN
andover,
anniversary,
anorak,
answer,
answered,
antarctica,
antivirus,RUN
anymore,
appear,
appearance,RUN
appeared,
appears,
aquarium,RUN
arab,RUN
arabia,RUN
arabian,RUN
arabic,RUN
arbor,
arc,
arcade,
arcane,
arch,
archaic,
archbishop,
archenemy,
archer,
archery,
archie,
architecture,
archive,
archived,
archway,
arctic,
arden,
area,RUN
areas,RUN
arena,
argentina,
argentine,
argento,
argue,
argued,
argues,
argus,
arise,
arisen,
arizona,RUN
arkansas,
arm,
armada,
armando,
armchair,
armchairs,
armenia,
armor,
army,
arose,
around,
arrange,
arranged,
array,
arrearage,RUN
arrive,
arrived,
arrogance,RUN
arrow,RUN
arse,
arsenic,
arson,
artistic,
arts,
artwork,
aruba,
ashore,
aspartame,
aspirations,
assertion,
asserts,
assurance,RUN
assure,
assured,
asterisk,
astoria,RUN
atari,RUN
atmosphere,
atmospheric,RUN
attire,
attorney,
auburn,
auditorium,RUN
auger,
aura,RUN
aurora,RUN
austere,
avatar,
avenger,
aver,
averse,
aversion,
award,
awards,
aware,
awkward,
ayrshire,
azerbaijan,
azeri,RUN
azure,
backdoor,
backward,
backwards,
bacteria,RUN
bacterium,RUN
bahrain,RUN
baird,
baker,
bakery,
banner,
bar,
barack,RUN
barbados,
barbarian,RUN
barbecue,
barbecued,
barber,
barbershop,
barbie,
barbiturates,
barbour,
barbuda,
bare,
barenboim,RUN
bares,
barf,
bargain,
barge,
bark,
barks,
barn,
barnard,
barnes,
barney,
baron,RUN
baroque,
barr,
barrage,
barrier,RUN
barrister,RUN
barrister,RUN
barristers,RUN
barristers,RUN
barry,RUN
barrymore,RUN
bastard,
bastards,
bavaria,RUN
bazaar,
beaker,
bear,
beard,
bearer,RUN
bears,
beauregard,RUN
beaver,
bedford,
beecher,
beer,
beery,RUN
before,
beginner,
benchmark,
bere,
bergen,
bermuda,
bernard,
berry,RUN
beware,
bidder,
bieber,
bier,
bigger,
biker,
binary,
biosphere,
birch,
bird,
birdie,
birdwatcher,
bizarre,
boar,
board,
boarder,
boardwalk,
bombardier,
bonfire,
booker,
bookmark,
bookstore,
boor,
boorish,RUN
boorishness,RUN
boors,
borax,RUN
bordeaux,
border,
bore,
bored,
boredom,
bork,
born,
borne,
borneo,
boron,RUN
borough,
borrow,RUN
borrowed,RUN
bourbon,
bourgeois,
bourgeoisie,
bourn,
bourne,
bourse,
bower,
bowery,
bowker,
bowser,
bowyer,
budgetary,RUN
budweiser,
buffer,
bugger,
buggers,
bumper,
burbank,
burch,
burden,
bureau,RUN
burford,
burger,
burgess,
burgoyne,
burgundy,
buried,RUN
burke,
burma,
burn,
burns,
burpee,
burro,
burrows,
burry,
burundi,
butcher,
butchery,
buyer,
buzzard,
buzzer,
byron,RUN
byword,
cadaver,
cairn,
cairns,
cairo,RUN
camcorder,
camcorders,
camcorders,
cameron,
cameroon,
campfire,
canary,RUN
canberra,RUN
cancer,
canterbury,RUN
cantors,
capture,
captured,
car,
carb,
carbon,
carbonic,
carcinogen,
card,
cardboard,
cardiac,
cardiff,
cardigan,
care,
cared,
career,
careers,
caremark,
carer,RUN
caretaker,
carey,RUN
cargo,
caribbean,RUN
caricature,RUN
caricatured,
carmaker,
carmen,
carnation,
carnegie,
carney,
carnivorous,
carp,
carpenter,
carr,
carriage,RUN
carrie,RUN
carried,RUN
carrier,RUN
carrots,RUN
carrots,RUN
carry,RUN
carson,
cartoon,
cary,RUN
cashier,
cashiers,
cashmere,
cedar,
cemetery,RUN
censor,
censored,
censors,
censorship,
censure,
center,
centre,
century,
ceramic,
ceremony,RUN
chair,
chairman,
chairmen,
chairs,
chairwoman,
chamber,
chambers,
changeover,
char,
character,RUN
characteristic,RUN
characterization,RUN
characterize,RUN
characterized,RUN
charge,
charged,
charger,
charm,
charmaine,
charwoman,
chauffeur,
cheer,
cheers,
cheery,RUN
cherish,RUN
cherry,RUN
cheshire,
chester,
chester,
choir,
chord,
chorus,RUN
church,
churches,
cider,
circa,
circumcision,
circumstance,
circumstances,
circus,
co-worker,
coarser,
coffer,
commentary,RUN
commerce,
commissioner,
compare,
compared,
compares,
comparison,RUN
composer,
composure,
concern,
concerto,
concierge,
concord,
concorde,
concur,
condors,
conductor,
configuration,
configure,
configured,
confirm,
confirmation,
conform,
conjecture,
connector,
conservation,
consider,
consideration,
consortium,
conspiracy,RUN
consumer,
contemporary,RUN
contortion,
contour,
contoured,
contours,
convergence,
conversation,
converse,
converse,
conversion,
cooper,
cooperation,
coordination,
copper,
corby,
cord,
corda,
cordoba,
core,
corgi,
cork,
corn,
corncob,
corner,
cornish,
cornstarch,
cornucopia,
coronary,RUN
coroner,RUN
corp,
corporation,
corpse,
corpus,
correction,
correspond,RUN
correspondence,RUN
corridor,RUN
corridors,RUN
corrosion,
corrupted,
corruption,
corrupts,
corsage,
corsair,
corse,
corsica,
cortez,
cougar,
countermeasure,
countermove,
courage,
courageous,
courier,
course,
courtier,
courtyard,
couture,
couturier,RUN
cover,
cover-up,
coyer,
crm,RUN
cucumber,
cumberbatch,
cumbersome,
cupboard,
curb,
cure,
cured,
curfew,
curious,RUN
curmudgeon,
currency,
curry,RUN
curse,
cursor,
curve,
custard,
customary,RUN
customer,
cyber,
cyborg,
cynosure,
cyrus,RUN
dairy,RUN
dancer,
danger,
dangerous,
darcy,
dare,
dared,
daresay,
dark,
darts,
darwin,
darwinian,
darwinism,
dashboard,
daycare,
dear,
dearer,RUN
deary,RUN
december,
decor,
deer,
deerskin,
deferred,
demure,
denmark,
denver,
departure,
der,
derange,RUN
deranged,RUN
derby,
derek,RUN
derision,
derive,
derived,
derogatory,RUN
deserve,
designer,
desire,
desired,
despair,
detector,
deter,
determination,
determine,
determined,
diary,RUN
dictionary,RUN
dietary,RUN
differ,
diner,
dinner,
dinosaur,
dire,
dire,
direction,RUN
directive,RUN
director,RUN
disappear,
disappeared,
disaster,
discard,
discarded,
discards,
discharge,
discourage,
discouraged,
discourages,
discourse,
discover,
disgorge,
disorder,
dissertation,
distortion,
disturb,
disturbance,
disturbed,
disturbs,
diverse,
diversion,
divorce,
doctor,
documentary,
donor,
door,
doorknob,
doorway,
dora,RUN
dover,
downpour,
downstairs,
downwards,
dumpster,
duration,RUN
dwarf,
dwarfism,
dwarves,
eager,
ear,
earmuff,
earn,
earphones,
ears,
earwax,
easier,
eastern,
ecuador,
edgar,
edinburgh,
edward,
eerie,RUN
embarcadero,RUN
embarrass,RUN
embarrasses,RUN
emerge,
emerged,
emerged,
emergency,
emirates,
emperor,
empire,
emporium,RUN
encore,
encounter,
encourage,
encouraged,
endangered,
endeavor,
energize,
energy,
enforce,
enforces,
engineer,
engineers,
enormous,
enquiry,RUN
ensure,
ensured,
enter,
entertain,
entertained,
entertains,
entire,
entourage,RUN
epicure,
era,RUN
erase,RUN
erases,RUN
erasmus,RUN
ere,
ergo,
ergonomic,
eric,RUN
ericsson,RUN
erie,RUN
erik,RUN
erosion,RUN
err,
err,
erroneous,RUN
erroneous,RUN
error,RUN
errors,RUN
esoteric,RUN
esoteric,RUN
euphoria,RUN
eurasia,RUN
eurasian,RUN
euro,RUN
europa,RUN
europe,RUN
european,RUN
euros,RUN
ever,
evermore,
exaggerates,
examiner,
excursion,
exercise,
exercised,
expenditure,
experience,RUN
experimentation,RUN
expertise,
expiration,
expire,
expired,
expires,
expiry,RUN
exposure,
exterior,RUN
extortion,
faber,
factor,
factory,
fainter,
fair,
fairbairn,
fairbanks,
fairer,RUN
fairfax,
fairman,
fairness,
fairs,
fairway,
fairy,RUN
far,
faraway,RUN
farce,
fare,
fares,
farm,
farmer,
faro,RUN
fast-forward,
faster,
favor,
favour,
fear,
feared,
fears,
fearsome,
feature,
featured,
federation,
fedora,RUN
fender,
fenders,
ferdinand,
fergie,
ferguson,
fernando,
ferrari,RUN
ferry,RUN
fever,
fewer,
fiber,
fibre,
fierce,
figure,
figured,
figurine,
figurines,
fir,
fire,
firearm,RUN
fired,
firefox,
firepower,
firestorm,
firework,
fireworks,
firm,
firmware,
first-born,
fisheries,
fisherman,
fissure,
fixtures,
fjord,
footwear,
forbade,
forbes,
forbid,
forbid,
forbidden,
forbids,
forbids,
force,
forceps,
ford,
fordyce,
fore,
foreign,RUN
foreman,
forever,
forewarned,
foreword,
forgave,
forge,
forgive,
forgiven,
forgiven,
forgo,
fork,
formation,
formed,
former,
forswear,
fortune,
fortune,
fortune,
fortunes,
forty,
forward,
foster,
founder,
four,
fourier,RUN
foursquare,
fourteen,
funnier,
fur,
furious,RUN
furniture,
furry,
fury,RUN
future,
futurism,
futuristic,
gamer,
garage,
garbage,
garcia,
garda,
garden,
gardner,
gargantuan,
garner,
garvin,
gary,RUN
gear,
geared,
gears,
geiger,
gendarme,
gender,
generation,
generic,RUN
generous,
georg,
george,
georgia,
georgie,
georgina,
gerber,
gere,
german,
germany,
gesture,
gibberish,
ginger,
giraffe,
goodyear,
gopher,
gorbachev,
gordon,
gore,
gorge,
gorgeous,
gory,RUN
gourd,
gourmand,
gourmet,
govern,
governance,
governed,
governor,
governs,
gower,
guarantee,RUN
guaranteed,RUN
guarantors,RUN
guard,
guardian,
guernsey,
guitar,
gunpowder,
guru,RUN
heir,
herbaceous,
honor,
honorary,RUN
honour,
hour,
hours,
iberian,RUN
identifier,
ignorance,
ignore,
ignored,
igor,
imaginary,RUN
immature,
immersion,
impair,
impaired,
impairs,
imperfection,
importance,
inaccuracies,
inaccuracy,
inauguration,
incarnation,
incur,
incurred,
indoor,
inertia,
infer,
inference,
inferior,RUN
inferiority,RUN
infers,
inform,
information,
informed,
injure,
injured,
injures,
injurious,RUN
injury,
inner,
inopportune,
inorganic,
inquire,
inquired,
inquiries,
inquiry,RUN
insecure,
insertion,
inshore,
insider,
insincere,
insofar,
inspector,
inspiration,
inspire,
inspired,
insured,
integer,
inter,
interaction,
interactive,
interchange,
intercom,
intercourse,
interface,
interfere,
interfered,
interference,RUN
interferon,RUN
interior,RUN
intern,
internship,
interrupted,
interruption,
interruptions,
interrupts,
intersection,
intervene,
intervened,
intervention,
interview,
interviewed,
interviews,
inure,
inventor,
inventory,RUN
inverness,
inverse,
investor,
ira,RUN
iran,RUN
iraq,RUN
iraqi,RUN
irene,RUN
iris,RUN
irish,RUN
irkutsk,
iron,
ironic,RUN
irony,RUN
irrespective,RUN
irrigation,RUN
irritates,RUN
irritation,RUN
irvine,
irwin,
itinerary,RUN
iver,
ivor,
jaeger,
jagger,
jaguar,
january,RUN
jar,
jargon,
jarvis,
jefferson,
jenner,
jennifer,
jeremiah,RUN
jeremy,RUN
jerk,
jerome,
jerry,RUN
jersey,
joinery,
jordan,
journey,
joyride,RUN
judiciary,RUN
junior,
jurisdiction,RUN
jury,RUN
karachi,RUN
karaoke,RUN
kardashian,
karen,RUN
karma,
kashmir,
keeper,
keir,
kerb,
kerr,
kerry,RUN
kershaw,
keyboard,
keyword,
kickstarter,
kidnapper,
kindergarten,
kirby,
kirk,
kirov,RUN
kirsten,
knitwear,
koran,RUN
kosher,
kutcher,
kyrgyzstan,
macgyver,
madagascar,
madeira,RUN
magyar,
mairead,RUN
major,
majorca,
maker,
manager,
manchester,
mandatory,RUN
manicure,
manicured,
manner,
manor,
manpower,
manufacture,
manufactured,
manufacturer,
manure,
maori,RUN
mar,
mara,RUN
marc,
march,
marchioness,
marco,
marcus,
mardi,
mare,
marge,
margery,
margie,
margin,
margot,
maria,
mariah,
marie,
marijuana,RUN
marimba,
marina,
marine,
mario,RUN
marion,RUN
marissa,RUN
maritime,RUN
marius,RUN
mark,
marker,
markov,
marmaduke,
maroon,
marriage,RUN
married,RUN
marries,RUN
marry,RUN
mars,
marsden,
marsh,
marston,
marten,
martian,
martin,
martina,
martinez,
martini,
martinique,
marvin,
marwick,
mary,RUN
marzipan,
masquerade,
master,
mastercard,
masterpiece,
masturbation,
mature,
maurer,RUN
mayfair,
mayor,
mccartney,
mcgovern,
mcintyre,
measure,
measured,
medicare,
member,
members,
membership,
memories,
menswear,
mentor,
mentors,
mentorship,
mercedes,
merchandise,
mercury,
mercy,
mere,
merge,
merged,
merger,
meritorious,RUN
mermaid,
merry,RUN
messenger,
meyer,
meyerbeer,
miner,
minerva,
miniature,
miniseries,RUN
minister,
minor,
miranda,
mirror,RUN
misery,
misfortune,
missouri,RUN
missourian,RUN
mister,
misunderstand,
mixture,
moderation,
modern,
moir,
moira,RUN
moisture,
moisturizer,
monarchy,
monetary,RUN
monsieur,
monster,
moor,
moore,
moored,
moors,
moratorium,RUN
morbid,
more,
moreover,RUN
mores,RUN
morgan,
morgue,
moribund,RUN
morn,
morocco,
moron,RUN
morons,RUN
morph,
morpheus,
morphine,
morphogenesis,
morris,RUN
morrison,RUN
morrow,RUN
mortgage,
mortuary,RUN
mountaineer,
mourn,
movers,
mr,
mrs,
murder,
murdered,
murderer,
murdoch,
murphy,
murray,RUN
myanmar,
myers,
myriad,RUN
mysterious,RUN
mystery,
nairn,
nairobi,RUN
napier,
narcissus,
narrow,RUN
nascar,
nastier,
nature,
naysayer,
near,
nearby,
nearer,RUN
necessary,RUN
neckwear,
nefarious,RUN
neighbor,
neighbour,
nerd,
nerve,
nervous,
network,
neuroscience,RUN
never,
newark,
newborn,
newcomer,
newer,
newspaper,
newspapers,
nicaragua,
nicer,
niger,
nigeria,RUN
nigerian,RUN
nightmare,
nightmares,
nirvana,
nixdorf,
nor,
nora,RUN
norah,RUN
noreen,
norfolk,
norm,
norman,
normandy,
norsemen,
norton,
norwalk,
norway,
norwegian,
norwood,
notorious,RUN
november,
number,
numbers,
numeric,RUN
numerous,
nureyev,
nurse,
nurseries,
nursery,
obituaries,RUN
obituary,RUN
obscure,
obscured,
observation,
observatory,RUN
observe,
observed,
observer,
occur,
occurred,
occurrence,
occurs,
october,
offender,
offer,
offers,
officer,
offshore,
omar,
onshore,
ontario,RUN
onward,
operation,
opportunistic,
orange,RUN
oration,RUN
oratory,RUN
orchard,
orchid,
ordained,
order,
ordered,
orders,
ordinance,
ordinary,RUN
oregon,RUN
orford,
org,
organ,
organic,
organisation,
organisations,
organisations,
organism,
organisms,
organization,
organize,
organized,
organizer,
orgasm,
orgy,
orientation,RUN
oriented,RUN
origami,RUN
origin,RUN
orkney,
orphan,
orphanage,
orpheus,
osborne,
oscar,
osteoporosis,
our,
outboard,
outdoor,
outsource,
ovarian,RUN
over,
overboard,
overcame,
overcharge,
overcome,
overdoes,
overdose,
overexposure,
overjoyed,
overridden,RUN
override,RUN
overrides,RUN
overrode,RUN
overseas,
overtime,
overtone,
overtones,
overture,
overuse,
overview,
owner,
ownership,
oxford,
oyster,
ozark,
pacifier,
packard,
pair,
paired,
pairs,
panorama,
paparazzi,RUN
paper,
paperback,
papers,
paperwork,
par,
para,RUN
parade,
paradigm,RUN
paradise,RUN
paradox,RUN
paraguay,RUN
paranoia,RUN
paranoid,RUN
pardon,
parents,RUN
parfait,
paris,RUN
parish,RUN
park,
parka,
parker,
parnassus,
parody,RUN
parr,
parsons,
part-time,
participation,
partition,
partner,
partners,
partnership,
party,
passenger,
pastor,
pauper,
pear,
pearce,
pearse,
pecuniary,RUN
pedicure,
peer,
peerage,RUN
peers,
peirce,
pepper,
per,
perceive,
perceived,
perceives,
percentage,
perception,
perch,
percussion,
perez,RUN
perforation,
perform,
performance,
performed,
performer,
perfume,
perfusion,
period,RUN
periodic,RUN
perkins,
perks,
permission,
pernod,
peron,
perry,RUN
persecutes,
persecution,
persevere,
persia,
persian,
person,
perspective,
persuade,
persuaded,
persuasion,
peru,
perugia,
perused,
peruvian,
pervasive,
perverse,
perversion,
peshawar,
phantasmagoria,RUN
pharisee,RUN
pharma,
pharmacy,
picture,
pier,
pierce,
piercy,
pierre,
pioneer,
pioneered,
piper,
piraeus,RUN
pirates,RUN
pitchfork,
pittsburgh,
pixar,
pizzeria,
poker,
pomeroy,
poor,
poorer,RUN
popcorn,
porch,
porcupine,
pore,
pork,
porn,
porno,
porous,RUN
porpoise,
porridge,RUN
porsche,
portia,
portion,
portuguese,
postcard,
poster,
postmaster,
pour,
poured,
powder,
power,
puerto,
puncture,
purchase,
purchaser,
pure,
purgatory,RUN
purge,
purifier,RUN
purpose,
purr,
purse,
pursue,
pursued,
pyramid,RUN
qatar,
quaker,
quarry,RUN
quarter,
quarterback,
quartz,
queer,
query,RUN
questionnaire,
questionnaires,
quirky,
rca,
rpm,
sabre,
safari,RUN
safeguard,
safeguards,
safer,
samurai,RUN
sandstorm,
sapphire,
sara,RUN
sarah,RUN
saratoga,RUN
sarcasm,
sarcastic,
sardinia,
sargasso,
sari,RUN
sark,
sars,
satire,
saucer,
saver,
sawyer,
scanner,
scar,
scarborough,
scarcer,
scare,
scared,
scarf,
scarves,
scary,RUN
scenario,RUN
scenarios,RUN
scenery,
schwarzenegger,
scissor,
scissors,
scorch,
score,
scoreboard,
scorecard,
scored,
scorer,RUN
scorn,
seaboard,
seafarer,RUN
search,
searches,
seared,
sears,
seashore,
secondary,RUN
sector,
secure,
secured,
seeger,
seer,
seizure,
semester,
semiconductor,
seminar,
sender,
senior,
sensor,
separation,
september,
serbia,
sere,
serene,
serf,
serge,
sergei,
sergey,
series,RUN
serious,RUN
sermon,
serpentine,
serrano,
serum,RUN
serve,
served,
server,
service,
severe,
severer,RUN
sewer,
seymour,
shaeffer,
shakespeare,
shakira,RUN
share,
shared,
shares,
shareware,
shark,
sharon,RUN
sharp,
sharpe,
shear,
sheard,
sheer,
shepherd,
sherborne,
sherbourne,
shere,
sheriff,RUN
sherman,
sherwin,
sherwood,
shirk,
shopkeeper,
shopper,
shore,
shortage,
shortcuts,
shorten,
shortened,
shortens,
shower,
showroom,RUN
siberian,RUN
sierra,RUN
signature,
sigourney,
sincere,
sinister,
sir,
siracusa,RUN
sirs,
sister,
skateboard,
skewer,
skywalker,
skyward,
smear,
smoker,
smokers,
smorgasbord,
smurfs,
sniper,
snobbery,
snowboard,
snowstorm,
soar,
soared,
sober,
soccer,
software,
somewhere,
sorbonne,
sorcerer,
sordid,
sore,
sorghum,
sorrow,RUN
sorry,RUN
sortie,
sour,
source,
souvenir,
souvenirs,
spar,
sparc,
spare,
spared,
spares,
spark,
sparrows,RUN
sparse,
speaker,
spear,
spears,
speir,
spencer,
sperm,
sphere,
spider,
sponsor,
sponsorship,
spoor,
spore,
sportswear,
spur,
spurious,RUN
spurious,RUN
spurs,
spyware,
square,
squared,
squares,
stafford,
staffordshire,
stagger,
stair,
staircase,
stairs,
stairway,
standard,
standardize,
standardized,
stanford,
star,
starboard,
starbucks,
starch,
stare,
stares,
starfish,
stark,
starship,
startup,
starvation,
starve,
starved,
starves,
stationary,RUN
stationery,RUN
statutory,RUN
steamer,
steer,
stegosaurus,RUN
steiger,
stereo,RUN
stereotype,RUN
stern,
steroids,RUN
steward,
sticker,
stir,
stirs,
store,
stored,
storey,RUN
stork,
storm,
story,RUN
sturdy,
suarez,RUN
subaru,
submerge,
subsidiary,RUN
subterfuge,
suburban,
subversion,
successor,
sudbury,RUN
suffer,
sufferer,
sugar,
sugarcane,
sugary,
summarize,
summarized,
summarizes,
summary,
summer,
super,
super-imposition,
superb,
supercharge,
superior,RUN
supernova,
supersede,
superstar,
superstore,
supervise,
supervised,
supervision,
supervisor,
supper,
supported,
supporters,
sur,
surcharge,
surf,
surface,
surfboard,
surfer,
surge,
surgeon,
surgery,
surname,
surpass,
surrey,
surround,
survey,
surveys,
survive,
survived,
survivor,
suture,
swear,
sweeper,
swimwear,
switchboard,
sword,
swore,
sworn,
sycamore,
synergy,
syracuse,RUN
syria,RUN
tabor,
takeover,
taker,
takers,
tandoori,RUN
taper,
tar,
tariff,RUN
tarmac,
tarnish,
tarp,
tarpon,
tarzan,
taskmaster,
taurus,RUN
tavern,
taxpayer,
taxpayers,
teacher,
teamwork,
tear,
tears,
teary,RUN
teaser,
teenager,
temporary,RUN
teresa,
teriyaki,RUN
term,
terminates,
termination,
terrace,RUN
terrain,
terrified,RUN
territory,RUN
terror,RUN
terrorism,RUN
terry,RUN
terse,
tertiary,RUN
texture,
tier,
tierce,
tierney,
tiger,
timber,
timeshare,
timisoara,RUN
timor,
tirade,RUN
tirana,RUN
tire,
tired,
tiresome,
tomorrow,RUN
torch,
tore,
torn,
tornado,
toronto,RUN
torpedo,
torpor,
torque,
torres,RUN
torso,
tortuous,
torture,
torturous,
tory,RUN
tougher,
tour,
toured,
tourism,RUN
tournedos,
tours,
toward,
tower,
tuber,
tumor,
tuner,
turbine,
turbo,
turbocharge,
turf,
turkey,
turkish,
turkmenistan,
turks,
turn,
turnaround,
turner,
turnover,
turnpike,
turpin,
turquoise,
turvey,
twyford,
tyrannosaurus,RUN
tyre,
tyrone,RUN
uber,
umpire,
unaware,
uncork,
uncovered,
under,
underage,
undercarriage,RUN
undercover,
undergarments,
undergo,
undergoes,
undergone,
underpants,
underpin,
underscored,
undersea,
understand,
understood,
understudy,
undertake,
undertaken,
undertook,
underwear,
underwood,
unfair,
unfairness,
unforeseen,
unicorn,
uniform,
uninsured,
universe,
unnecessary,RUN
unsanitary,RUN
unsavory,
unsupervised,
upper,
upstairs,
upward,
upwards,
uranium,
urban,
urbana,
urbane,
urchin,
urdu,
urge,
urged,
urgency,
uri,
urinary,RUN
urine,RUN
uruguay,
urwin,
user,
username,
users,
usher,
usury,
vampire,
vancouver,
vanguard,
variance,RUN
variants,RUN
variation,RUN
varied,RUN
various,RUN
varnish,
vary,RUN
vector,
veered,
vegetarian,RUN
vendor,
veneer,
ventura,RUN
venture,
ver,
vera,RUN
veranda,
verb,
verbs,
verde,
verdi,
verge,
verification,RUN
verified,RUN
verify,RUN
verizon,RUN
vermeer,
vernon,
veronica,
verse,
version,
versus,
vertex,
very,RUN
viber,
vicar,
vicarious,RUN
victor,
victoria,RUN
victorian,RUN
victorious,RUN
vieira,RUN
viper,
virago,RUN
virgin,
virginia,
virgo,
virtue,
virtues,
virtuoso,
virus,RUN
viruses,RUN
visor,
voracious,RUN
voucher,
voyager,
voyeur,
voyeurism,RUN
voyeuristic,RUN
wafer,
wagner,
wagnerian,RUN
waiver,
walker,
wander,
wandered,
wanders,
war,
ward,
warden,
ware,
wares,
warfare,
warm,
warmer,
warn,
warned,
warner,
warns,
warp,
warranty,RUN
warren,RUN
warrior,RUN
wars,
warsaw,
wartime,
wary,RUN
wayward,
wear,
wearer,RUN
wears,
weary,RUN
webber,
weber,
webmaster,
webmasters,
webmasters,
webster,
weir,
weird,
were,
westminster,
wherefore,
wider,
windsor,
winner,
winter,
wipers,
wire,
wired,
wiser,
wizard,
woburn,
wonder,
woofer,
wooster,
worcester,
worcestershire,
word,
wore,
work,
worker,
workforce,
workshop,
workstation,
worm,
worn,
worried,
worries,
worry,
worse,
worship,
worshippers,
xerox,RUN
yard,
yarn,
yarwood,
year,
years,
yer,
yesterday,
yesteryear,
york,
yorkshire,
yoruba,RUN
you're,
your,
yours,
zanzibar,
zara,RUN
zero,RUN
zimmerman,
zurich,RUN