Word,Sets,Source,Checks,Score,Synonyms,Generated,Added
abbreviate,FLEECE FACE,SCOWL,1,0,False,False,2025-09-08
abbreviated,FLEECE FACE,SCOWL,1,0,False,False,2025-09-08
abbreviates,FLEECE FACE,SCOWL,1,0,False,False,2025-09-08
abbreviating,FLEECE FACE KIT,SCOWL,1,0,False,False,2025-09-08
abbreviation,FLEECE FACE,SCOWL,1,0,False,False,2025-09-08
abbreviations,FLEECE FACE,SCOWL,1,0,False,False,2025-09-08
abide,PRICE,SCOWL,1,0,False,False,2025-09-08
abnormally,TRAP NORTH HAPPY,SCOWL,1,0,False,False,2025-09-08
abolish,LOT KIT,SCOWL,1,0,False,False,2025-09-08
abolished,LOT KIT,SCOWL,1,0,False,False,2025-09-08
abolishes,LOT KIT,SCOWL,1,0,False,False,2025-09-08
abolishing,LOT KIT,SCOWL,1,0,False,False,2025-09-08
abolition,TRAP KIT,SCOWL,1,0,False,False,2025-09-08
abstraction,TRAP,SCOWL,1,0,False,False,2025-09-08
absurd,NURSE,SCOWL,1,0,False,False,2025-09-08
abused,GOOSE,SCOWL,1,0,False,False,2025-09-08
abysmal,KIT,SCOWL,1,0,False,False,2025-09-08
accelerate,DRESS FACE,SCOWL,1,0,False,False,2025-09-08
accesses,TRAP DRESS,SCOWL,1,0,False,False,2025-09-08
accidental,TRAP KIT DRESS,SCOWL,1,0,False,False,2025-09-08
accidentally,TRAP KIT DRESS HAPPY,SCOWL,1,0,False,False,2025-09-08
accompanies,HAPPY,SCOWL,1,0,False,False,2025-09-08
accomplishes,KIT,SCOWL,1,0,False,False,2025-09-08
accumulate,GOOSE FACE,SCOWL,1,0,False,False,2025-09-08
accumulated,GOOSE FACE,SCOWL,1,0,False,False,2025-09-08
accumulates,GOOSE FACE,SCOWL,1,0,False,False,2025-09-08
accumulating,GOOSE FACE KIT,SCOWL,1,0,False,False,2025-09-08
accustom,STRUT,SCOWL,1,0,False,False,2025-09-08
accustomed,STRUT,SCOWL,1,0,False,False,2025-09-08
accustoming,STRUT KIT,SCOWL,1,0,False,False,2025-09-08
accustoms,STRUT,SCOWL,1,0,False,False,2025-09-08
acquaintance,FACE,SCOWL,1,0,False,False,2025-09-08
acronym,TRAP KIT,SCOWL,1,0,False,False,2025-09-08
acronyms,TRAP KIT,SCOWL,1,0,False,False,2025-09-08
adapting,TRAP KIT,SCOWL,1,0,False,False,2025-09-08
adapts,TRAP,SCOWL,1,0,False,False,2025-09-08
addictive,KIT,SCOWL,1,0,False,False,2025-09-08
adequately,TRAP HAPPY,SCOWL,1,0,False,False,2025-09-08
adhered,NEAR,SCOWL,1,0,False,False,2025-09-08
adjective,DRESS KIT,SCOWL,1,0,False,False,2025-09-08
administer,TRAP KIT LETTER,SCOWL,1,0,False,False,2025-09-08
administering,TRAP KIT LETTER,SCOWL,1,0,False,False,2025-09-08
administers,TRAP KIT LETTER,SCOWL,1,0,False,False,2025-09-08
admirable,PRICE,SCOWL,1,0,False,False,2025-09-08
admiration,TRAP FACE,SCOWL,1,0,False,False,2025-09-08
admittedly,KIT HAPPY,SCOWL,1,0,False,False,2025-09-08
advent,TRAP DRESS,SCOWL,1,0,False,False,2025-09-08
adventurous,DRESS LETTER,SCOWL,1,0,False,False,2025-09-08
adversely,NURSE HAPPY,SCOWL,1,0,False,False,2025-09-08
advisable,PRICE,SCOWL,1,0,False,False,2025-09-08
advisers,PRICE LETTER,SCOWL,1,0,False,False,2025-09-08
advocated,TRAP FACE,SCOWL,1,0,False,False,2025-09-08
aesthetic,TRAP DRESS KIT,SCOWL,1,0,False,False,2025-09-08
aesthetically,TRAP DRESS KIT HAPPY,SCOWL,1,0,False,False,2025-09-08
afterward,BATH LETTER,SCOWL,1,0,False,False,2025-09-08
akin,KIT,SCOWL,1,0,False,False,2025-09-08
alas,TRAP,SCOWL,1,0,False,False,2025-09-08
albeit,TRAP FLEECE KIT,SCOWL,1,0,False,False,2025-09-08
alcoholic,TRAP LOT KIT,SCOWL,1,0,False,False,2025-09-08
algebraic,TRAP FACE KIT,SCOWL,1,0,False,False,2025-09-08
aliases,FACE FLEECE,SCOWL,1,0,False,False,2025-09-08
allegation,TRAP FACE,SCOWL,1,0,False,False,2025-09-08
allegations,TRAP FACE,SCOWL,1,0,False,False,2025-09-08
allegedly,DRESS HAPPY,SCOWL,1,0,False,False,2025-09-08
alleviate,FLEECE FACE,SCOWL,1,0,False,False,2025-09-08
allies,TRAP PRICE,SCOWL,1,0,False,False,2025-09-08
allocate,TRAP FACE,SCOWL,1,0,False,False,2025-09-08
allocates,TRAP FACE,SCOWL,1,0,False,False,2025-09-08
allocating,TRAP FACE KIT,SCOWL,1,0,False,False,2025-09-08
aloud,MOUTH,SCOWL,1,0,False,False,2025-09-08
alphabetic,TRAP DRESS KIT,SCOWL,1,0,False,False,2025-09-08
alteration,LETTER FACE,SCOWL,1,0,False,False,2025-09-08
alterations,LETTER FACE,SCOWL,1,0,False,False,2025-09-08
ambiguities,TRAP KIT GOOSE HAPPY,SCOWL,1,0,False,False,2025-09-08
ambiguity,TRAP KIT GOOSE HAPPY,SCOWL,1,0,False,False,2025-09-08
ample,TRAP,SCOWL,1,0,False,False,2025-09-08
amuse,GOOSE,SCOWL,1,0,False,False,2025-09-08
amuses,GOOSE,SCOWL,1,0,False,False,2025-09-08
anagram,TRAP,SCOWL,1,0,False,False,2025-09-08
analogous,TRAP,SCOWL,1,0,False,False,2025-09-08
analogy,TRAP HAPPY,SCOWL,1,0,False,False,2025-09-08
anarchy,TRAP START HAPPY,SCOWL,1,0,False,False,2025-09-08
ancestor,TRAP DRESS LETTER,SCOWL,1,0,False,False,2025-09-08
ancestors,TRAP DRESS LETTER,SCOWL,1,0,False,False,2025-09-08
anecdote,TRAP GOAT,SCOWL,1,0,False,False,2025-09-08
anecdotes,TRAP GOAT,SCOWL,1,0,False,False,2025-09-08
